PARENTOBJECTTYPE,PARENTID,CHILDID,CHILDOBJECTTYPE
SkillGroup,key_19319,key_18782,SkillGroup
SkillGroup,key_18782,key_18783,SkillGroup
SkillGroup,key_18783,key_18784,SkillGroup
SkillGroup,key_18782,key_18785,SkillGroup
SkillGroup,key_18785,key_18786,SkillGroup
SkillGroup,key_18782,key_18787,SkillGroup
SkillGroup,key_18787,key_18788,SkillGroup
SkillGroup,key_18782,key_18789,SkillGroup
SkillGroup,key_18789,key_18790,SkillGroup
SkillGroup,key_18782,key_18791,SkillGroup
SkillGroup,key_18791,key_18792,SkillGroup
SkillGroup,key_19319,key_18793,SkillGroup
SkillGroup,key_18793,key_18794,SkillGroup
SkillGroup,key_18794,key_18795,SkillGroup
SkillGroup,key_18794,key_18796,SkillGroup
SkillGroup,key_18794,key_18797,SkillGroup
SkillGroup,key_18794,key_18798,SkillGroup
SkillGroup,key_18794,key_18799,SkillGroup
SkillGroup,key_18794,key_18800,SkillGroup
SkillGroup,key_18793,key_18801,SkillGroup
SkillGroup,key_18801,key_18802,SkillGroup
SkillGroup,key_19319,key_18803,SkillGroup
SkillGroup,key_18803,key_18804,SkillGroup
SkillGroup,key_18804,key_18805,SkillGroup
SkillGroup,key_18803,key_18806,SkillGroup
SkillGroup,key_18806,key_18807,SkillGroup
SkillGroup,key_18806,key_18808,SkillGroup
SkillGroup,key_18806,key_18809,SkillGroup
SkillGroup,key_18806,key_18810,SkillGroup
SkillGroup,key_18806,key_18811,SkillGroup
SkillGroup,key_18806,key_18812,SkillGroup
SkillGroup,key_18806,key_18813,SkillGroup
SkillGroup,key_18803,key_18814,SkillGroup
SkillGroup,key_18814,key_18815,SkillGroup
SkillGroup,key_18814,key_18816,SkillGroup
SkillGroup,key_18814,key_18817,SkillGroup
SkillGroup,key_18814,key_18818,SkillGroup
SkillGroup,key_18814,key_18819,SkillGroup
SkillGroup,key_18814,key_18820,SkillGroup
SkillGroup,key_18803,key_18821,SkillGroup
SkillGroup,key_18821,key_18822,SkillGroup
SkillGroup,key_18821,key_18823,SkillGroup
SkillGroup,key_18821,key_18824,SkillGroup
SkillGroup,key_18821,key_18825,SkillGroup
SkillGroup,key_18803,key_18826,SkillGroup
SkillGroup,key_18826,key_18827,SkillGroup
SkillGroup,key_18803,key_18828,SkillGroup
SkillGroup,key_18828,key_18829,SkillGroup
SkillGroup,key_19319,key_18830,SkillGroup
SkillGroup,key_18830,key_18831,SkillGroup
SkillGroup,key_18831,key_18832,SkillGroup
SkillGroup,key_18830,key_18833,SkillGroup
SkillGroup,key_18833,key_18834,SkillGroup
SkillGroup,key_18833,key_18835,SkillGroup
SkillGroup,key_18833,key_18836,SkillGroup
SkillGroup,key_18833,key_18837,SkillGroup
SkillGroup,key_18833,key_18838,SkillGroup
SkillGroup,key_18833,key_18839,SkillGroup
SkillGroup,key_18830,key_18840,SkillGroup
SkillGroup,key_18840,key_18841,SkillGroup
SkillGroup,key_18840,key_18842,SkillGroup
SkillGroup,key_18840,key_18843,SkillGroup
SkillGroup,key_18840,key_18844,SkillGroup
SkillGroup,key_18830,key_18845,SkillGroup
SkillGroup,key_18845,key_18846,SkillGroup
SkillGroup,key_18830,key_18847,SkillGroup
SkillGroup,key_18847,key_18848,SkillGroup
SkillGroup,key_19319,key_18849,SkillGroup
SkillGroup,key_18849,key_18850,SkillGroup
SkillGroup,key_18850,key_18851,SkillGroup
SkillGroup,key_18849,key_18852,SkillGroup
SkillGroup,key_18852,key_18853,SkillGroup
SkillGroup,key_18852,key_18854,SkillGroup
SkillGroup,key_18852,key_18855,SkillGroup
SkillGroup,key_18852,key_18856,SkillGroup
SkillGroup,key_18852,key_18857,SkillGroup
SkillGroup,key_18852,key_18858,SkillGroup
SkillGroup,key_18852,key_18859,SkillGroup
SkillGroup,key_18852,key_18860,SkillGroup
SkillGroup,key_18852,key_18861,SkillGroup
SkillGroup,key_18849,key_18862,SkillGroup
SkillGroup,key_18862,key_18863,SkillGroup
SkillGroup,key_18849,key_18864,SkillGroup
SkillGroup,key_18864,key_18865,SkillGroup
SkillGroup,key_18849,key_18866,SkillGroup
SkillGroup,key_18866,key_18867,SkillGroup
SkillGroup,key_19319,key_18868,SkillGroup
SkillGroup,key_18868,key_18869,SkillGroup
SkillGroup,key_18869,key_18870,SkillGroup
SkillGroup,key_18868,key_18871,SkillGroup
SkillGroup,key_18871,key_18872,SkillGroup
SkillGroup,key_18871,key_18873,SkillGroup
SkillGroup,key_18871,key_18874,SkillGroup
SkillGroup,key_18871,key_18875,SkillGroup
SkillGroup,key_18868,key_18876,SkillGroup
SkillGroup,key_18876,key_18877,SkillGroup
SkillGroup,key_18876,key_18878,SkillGroup
SkillGroup,key_18876,key_18879,SkillGroup
SkillGroup,key_18876,key_18880,SkillGroup
SkillGroup,key_18868,key_18881,SkillGroup
SkillGroup,key_18881,key_18882,SkillGroup
SkillGroup,key_18881,key_18883,SkillGroup
SkillGroup,key_18881,key_18884,SkillGroup
SkillGroup,key_18881,key_18885,SkillGroup
SkillGroup,key_18881,key_18886,SkillGroup
SkillGroup,key_18868,key_18887,SkillGroup
SkillGroup,key_18887,key_18888,SkillGroup
SkillGroup,key_18887,key_18889,SkillGroup
SkillGroup,key_18887,key_18890,SkillGroup
SkillGroup,key_18868,key_18891,SkillGroup
SkillGroup,key_18891,key_18892,SkillGroup
SkillGroup,key_18868,key_18893,SkillGroup
SkillGroup,key_18893,key_18894,SkillGroup
SkillGroup,key_19319,key_18895,SkillGroup
SkillGroup,key_18895,key_18896,SkillGroup
SkillGroup,key_18896,key_18897,SkillGroup
SkillGroup,key_18896,key_18898,SkillGroup
SkillGroup,key_18896,key_18899,SkillGroup
SkillGroup,key_18896,key_18900,SkillGroup
SkillGroup,key_18896,key_18901,SkillGroup
SkillGroup,key_18895,key_18902,SkillGroup
SkillGroup,key_18902,key_18903,SkillGroup
SkillGroup,key_19319,key_18904,SkillGroup
SkillGroup,key_18904,key_18905,SkillGroup
SkillGroup,key_18905,key_18906,SkillGroup
SkillGroup,key_18904,key_18907,SkillGroup
SkillGroup,key_18907,key_18908,SkillGroup
SkillGroup,key_18907,key_18909,SkillGroup
SkillGroup,key_18907,key_18910,SkillGroup
SkillGroup,key_18907,key_18911,SkillGroup
SkillGroup,key_18907,key_18912,SkillGroup
SkillGroup,key_18907,key_18913,SkillGroup
SkillGroup,key_18907,key_18914,SkillGroup
SkillGroup,key_18907,key_18915,SkillGroup
SkillGroup,key_18904,key_18916,SkillGroup
SkillGroup,key_18916,key_18917,SkillGroup
SkillGroup,key_18916,key_18918,SkillGroup
SkillGroup,key_18916,key_18919,SkillGroup
SkillGroup,key_18916,key_18920,SkillGroup
SkillGroup,key_18916,key_18921,SkillGroup
SkillGroup,key_18916,key_18922,SkillGroup
SkillGroup,key_18904,key_18923,SkillGroup
SkillGroup,key_18923,key_18924,SkillGroup
SkillGroup,key_18923,key_18925,SkillGroup
SkillGroup,key_18923,key_18926,SkillGroup
SkillGroup,key_18904,key_18927,SkillGroup
SkillGroup,key_18927,key_18928,SkillGroup
SkillGroup,key_18904,key_18929,SkillGroup
SkillGroup,key_18929,key_18930,SkillGroup
SkillGroup,key_19319,key_18931,SkillGroup
SkillGroup,key_18931,key_18932,SkillGroup
SkillGroup,key_18932,key_18933,SkillGroup
SkillGroup,key_18931,key_18934,SkillGroup
SkillGroup,key_18934,key_18935,SkillGroup
SkillGroup,key_18934,key_18936,SkillGroup
SkillGroup,key_18934,key_18937,SkillGroup
SkillGroup,key_18934,key_18938,SkillGroup
SkillGroup,key_18931,key_18939,SkillGroup
SkillGroup,key_18939,key_18940,SkillGroup
SkillGroup,key_18931,key_18941,SkillGroup
SkillGroup,key_18941,key_18942,SkillGroup
SkillGroup,key_18931,key_18943,SkillGroup
SkillGroup,key_18943,key_18944,SkillGroup
SkillGroup,key_18931,key_18945,SkillGroup
SkillGroup,key_18945,key_18946,SkillGroup
SkillGroup,key_18931,key_18947,SkillGroup
SkillGroup,key_18947,key_18948,SkillGroup
SkillGroup,key_19319,key_18949,SkillGroup
SkillGroup,key_18949,key_18950,SkillGroup
SkillGroup,key_18950,key_18951,SkillGroup
SkillGroup,key_18949,key_18952,SkillGroup
SkillGroup,key_18952,key_18953,SkillGroup
SkillGroup,key_18952,key_18954,SkillGroup
SkillGroup,key_18952,key_18955,SkillGroup
SkillGroup,key_18952,key_18956,SkillGroup
SkillGroup,key_18952,key_18957,SkillGroup
SkillGroup,key_18952,key_18958,SkillGroup
SkillGroup,key_18952,key_18959,SkillGroup
SkillGroup,key_18952,key_18960,SkillGroup
SkillGroup,key_18952,key_18961,SkillGroup
SkillGroup,key_18949,key_18962,SkillGroup
SkillGroup,key_18962,key_18963,SkillGroup
SkillGroup,key_18962,key_18964,SkillGroup
SkillGroup,key_18962,key_18965,SkillGroup
SkillGroup,key_18962,key_18966,SkillGroup
SkillGroup,key_18962,key_18967,SkillGroup
SkillGroup,key_18949,key_18968,SkillGroup
SkillGroup,key_18968,key_18969,SkillGroup
SkillGroup,key_18949,key_18970,SkillGroup
SkillGroup,key_18970,key_18971,SkillGroup
SkillGroup,key_19319,key_18972,SkillGroup
SkillGroup,key_18972,key_18973,SkillGroup
SkillGroup,key_18973,key_18974,SkillGroup
SkillGroup,key_18972,key_18975,SkillGroup
SkillGroup,key_18975,key_18976,SkillGroup
SkillGroup,key_18975,key_18977,SkillGroup
SkillGroup,key_18975,key_18978,SkillGroup
SkillGroup,key_18975,key_18979,SkillGroup
SkillGroup,key_18975,key_18980,SkillGroup
SkillGroup,key_18975,key_18981,SkillGroup
SkillGroup,key_18975,key_18982,SkillGroup
SkillGroup,key_18972,key_18983,SkillGroup
SkillGroup,key_18983,key_18984,SkillGroup
SkillGroup,key_18983,key_18985,SkillGroup
SkillGroup,key_18983,key_18986,SkillGroup
SkillGroup,key_18983,key_18987,SkillGroup
SkillGroup,key_18972,key_18988,SkillGroup
SkillGroup,key_18988,key_18989,SkillGroup
SkillGroup,key_18988,key_18990,SkillGroup
SkillGroup,key_18988,key_18991,SkillGroup
SkillGroup,key_18988,key_18992,SkillGroup
SkillGroup,key_18972,key_18993,SkillGroup
SkillGroup,key_18993,key_18994,SkillGroup
SkillGroup,key_18972,key_18995,SkillGroup
SkillGroup,key_18995,key_18996,SkillGroup
SkillGroup,key_18972,key_18997,SkillGroup
SkillGroup,key_18997,key_18998,SkillGroup
SkillGroup,key_19319,key_18999,SkillGroup
SkillGroup,key_18999,key_19000,SkillGroup
SkillGroup,key_19000,key_19001,SkillGroup
SkillGroup,key_19372,key_19002,SkillGroup
SkillGroup,key_19019,key_19003,SkillGroup
SkillGroup,key_19011,key_19004,SkillGroup
SkillGroup,key_19257,key_19005,SkillGroup
SkillGroup,key_19141,key_19006,SkillGroup
SkillGroup,key_19233,key_19007,SkillGroup
SkillGroup,key_19090,key_19008,SkillGroup
SkillGroup,key_19005,key_19009,SkillGroup
SkillGroup,key_19325,key_19010,SkillGroup
SkillGroup,key_19069,key_19012,SkillGroup
SkillGroup,key_19060,key_19013,SkillGroup
SkillGroup,key_19087,key_19014,SkillGroup
SkillGroup,key_19156,key_19015,SkillGroup
SkillGroup,key_19173,key_19016,SkillGroup
SkillGroup,key_19069,key_19017,SkillGroup
SkillGroup,key_19364,key_19018,SkillGroup
SkillGroup,key_19090,key_19019,SkillGroup
SkillGroup,key_19198,key_19020,SkillGroup
SkillGroup,key_19290,key_19021,SkillGroup
SkillGroup,key_19133,key_19022,SkillGroup
SkillGroup,key_19162,key_19023,SkillGroup
SkillGroup,key_19057,key_19024,SkillGroup
SkillGroup,key_19005,key_19025,SkillGroup
SkillGroup,key_19190,key_19026,SkillGroup
SkillGroup,key_19233,key_19027,SkillGroup
SkillGroup,key_19086,key_19028,SkillGroup
SkillGroup,key_19057,key_19029,SkillGroup
SkillGroup,key_19261,key_19030,SkillGroup
SkillGroup,key_19086,key_19031,SkillGroup
SkillGroup,key_19056,key_19032,SkillGroup
SkillGroup,key_19087,key_19033,SkillGroup
SkillGroup,key_19069,key_19034,SkillGroup
SkillGroup,key_19082,key_19035,SkillGroup
SkillGroup,key_19372,key_19036,SkillGroup
SkillGroup,key_19011,key_19037,SkillGroup
SkillGroup,key_19215,key_19038,SkillGroup
SkillGroup,key_19004,key_19039,SkillGroup
SkillGroup,key_19060,key_19040,SkillGroup
SkillGroup,key_19008,key_19041,SkillGroup
SkillGroup,key_19057,key_19042,SkillGroup
SkillGroup,key_19182,key_19043,SkillGroup
SkillGroup,key_19139,key_19044,SkillGroup
SkillGroup,key_19190,key_19045,SkillGroup
SkillGroup,key_19057,key_19046,SkillGroup
SkillGroup,key_19075,key_19047,SkillGroup
SkillGroup,key_19078,key_19048,SkillGroup
SkillGroup,key_19156,key_19049,SkillGroup
SkillGroup,key_19253,key_19050,SkillGroup
SkillGroup,key_19361,key_19051,SkillGroup
SkillGroup,key_19295,key_19052,SkillGroup
SkillGroup,key_19087,key_19053,SkillGroup
SkillGroup,key_19008,key_19054,SkillGroup
SkillGroup,key_19312,key_19055,SkillGroup
SkillGroup,key_19008,key_19056,SkillGroup
SkillGroup,key_19019,key_19057,SkillGroup
SkillGroup,key_19100,key_19058,SkillGroup
SkillGroup,key_19087,key_19059,SkillGroup
SkillGroup,key_19257,key_19060,SkillGroup
SkillGroup,key_19253,key_19061,SkillGroup
SkillGroup,key_19142,key_19062,SkillGroup
SkillGroup,key_19139,key_19063,SkillGroup
SkillGroup,key_19232,key_19064,SkillGroup
SkillGroup,key_19090,key_19065,SkillGroup
SkillGroup,key_19325,key_19066,SkillGroup
SkillGroup,key_19047,key_19067,SkillGroup
SkillGroup,key_19190,key_19068,SkillGroup
SkillGroup,key_19364,key_19069,SkillGroup
SkillGroup,key_19071,key_19070,SkillGroup
SkillGroup,key_19065,key_19071,SkillGroup
SkillGroup,key_19149,key_19072,SkillGroup
SkillGroup,key_19162,key_19073,SkillGroup
SkillGroup,key_19298,key_19074,SkillGroup
SkillGroup,key_19090,key_19075,SkillGroup
SkillGroup,key_19004,key_19076,SkillGroup
SkillGroup,key_19010,key_19077,SkillGroup
SkillGroup,key_19257,key_19078,SkillGroup
SkillGroup,key_19213,key_19079,SkillGroup
SkillGroup,key_19261,key_19080,SkillGroup
SkillGroup,key_19223,key_19081,SkillGroup
SkillGroup,key_19364,key_19082,SkillGroup
SkillGroup,key_19054,key_19083,SkillGroup
SkillGroup,key_19173,key_19084,SkillGroup
SkillGroup,key_19323,key_19085,SkillGroup
SkillGroup,key_19364,key_19086,SkillGroup
SkillGroup,key_19019,key_19087,SkillGroup
SkillGroup,key_19366,key_19088,SkillGroup
SkillGroup,key_19018,key_19089,SkillGroup
SkillGroup,key_19144,key_19091,SkillGroup
SkillGroup,key_19144,key_19092,SkillGroup
SkillGroup,key_19300,key_19093,SkillGroup
SkillGroup,key_19069,key_19094,SkillGroup
SkillGroup,key_19232,key_19095,SkillGroup
SkillGroup,key_19400,key_19096,SkillGroup
SkillGroup,key_19010,key_19097,SkillGroup
SkillGroup,key_19219,key_19098,SkillGroup
SkillGroup,key_19182,key_19099,SkillGroup
SkillGroup,key_19019,key_19100,SkillGroup
SkillGroup,key_19298,key_19101,SkillGroup
SkillGroup,key_19198,key_19102,SkillGroup
SkillGroup,key_19405,key_19103,SkillGroup
SkillGroup,key_19278,key_19104,SkillGroup
SkillGroup,key_19078,key_19105,SkillGroup
SkillGroup,key_19018,key_19106,SkillGroup
SkillGroup,key_19380,key_19107,SkillGroup
SkillGroup,key_19213,key_19108,SkillGroup
SkillGroup,key_19278,key_19109,SkillGroup
SkillGroup,key_19134,key_19110,SkillGroup
SkillGroup,key_19298,key_19111,SkillGroup
SkillGroup,key_19100,key_19112,SkillGroup
SkillGroup,key_19060,key_19113,SkillGroup
SkillGroup,key_19364,key_19114,SkillGroup
SkillGroup,key_19078,key_19115,SkillGroup
SkillGroup,key_19343,key_19116,SkillGroup
SkillGroup,key_19380,key_19117,SkillGroup
SkillGroup,key_19008,key_19118,SkillGroup
SkillGroup,key_19375,key_19119,SkillGroup
SkillGroup,key_19332,key_19120,SkillGroup
SkillGroup,key_19358,key_19121,SkillGroup
SkillGroup,key_19134,key_19122,SkillGroup
SkillGroup,key_19005,key_19123,SkillGroup
SkillGroup,key_19008,key_19124,SkillGroup
SkillGroup,key_19278,key_19125,SkillGroup
SkillGroup,key_19057,key_19126,SkillGroup
SkillGroup,key_19371,key_19127,SkillGroup
SkillGroup,key_19056,key_19128,SkillGroup
SkillGroup,key_19400,key_19129,SkillGroup
SkillGroup,key_19220,key_19130,SkillGroup
SkillGroup,key_19198,key_19131,SkillGroup
SkillGroup,key_19071,key_19132,SkillGroup
SkillGroup,key_19257,key_19133,SkillGroup
SkillGroup,key_19011,key_19134,SkillGroup
SkillGroup,key_19307,key_19135,SkillGroup
SkillGroup,key_19198,key_19136,SkillGroup
SkillGroup,key_19343,key_19137,SkillGroup
SkillGroup,key_19298,key_19138,SkillGroup
SkillGroup,key_19364,key_19139,SkillGroup
SkillGroup,key_19057,key_19140,SkillGroup
SkillGroup,key_19011,key_19141,SkillGroup
SkillGroup,key_19008,key_19142,SkillGroup
SkillGroup,key_19343,key_19143,SkillGroup
SkillGroup,key_19364,key_19144,SkillGroup
SkillGroup,key_19054,key_19145,SkillGroup
SkillGroup,key_19075,key_19146,SkillGroup
SkillGroup,key_19133,key_19147,SkillGroup
SkillGroup,key_19261,key_19148,SkillGroup
SkillGroup,key_19019,key_19149,SkillGroup
SkillGroup,key_19139,key_19150,SkillGroup
SkillGroup,key_19047,key_19151,SkillGroup
SkillGroup,key_19047,key_19152,SkillGroup
SkillGroup,key_19298,key_19153,SkillGroup
SkillGroup,key_19146,key_19154,SkillGroup
SkillGroup,key_19010,key_19155,SkillGroup
SkillGroup,key_19223,key_19156,SkillGroup
SkillGroup,key_19057,key_19157,SkillGroup
SkillGroup,key_19047,key_19158,SkillGroup
SkillGroup,key_19232,key_19159,SkillGroup
SkillGroup,key_19349,key_19160,SkillGroup
SkillGroup,key_19385,key_19161,SkillGroup
SkillGroup,key_19325,key_19162,SkillGroup
SkillGroup,key_19134,key_19163,SkillGroup
SkillGroup,key_19041,key_19164,SkillGroup
SkillGroup,key_19298,key_19165,SkillGroup
SkillGroup,key_19069,key_19166,SkillGroup
SkillGroup,key_19361,key_19167,SkillGroup
SkillGroup,key_19233,key_19168,SkillGroup
SkillGroup,key_19257,key_19169,SkillGroup
SkillGroup,key_19302,key_19170,SkillGroup
SkillGroup,key_19215,key_19171,SkillGroup
SkillGroup,key_19054,key_19172,SkillGroup
SkillGroup,key_19364,key_19173,SkillGroup
SkillGroup,key_19071,key_19174,SkillGroup
SkillGroup,key_19144,key_19175,SkillGroup
SkillGroup,key_19134,key_19176,SkillGroup
SkillGroup,key_19047,key_19177,SkillGroup
SkillGroup,key_19056,key_19178,SkillGroup
SkillGroup,key_19082,key_19179,SkillGroup
SkillGroup,key_19182,key_19180,SkillGroup
SkillGroup,key_19141,key_19181,SkillGroup
SkillGroup,key_19223,key_19182,SkillGroup
SkillGroup,key_19149,key_19183,SkillGroup
SkillGroup,key_19380,key_19184,SkillGroup
SkillGroup,key_19343,key_19185,SkillGroup
SkillGroup,key_19223,key_19186,SkillGroup
SkillGroup,key_19198,key_19187,SkillGroup
SkillGroup,key_19343,key_19188,SkillGroup
SkillGroup,key_19056,key_19189,SkillGroup
SkillGroup,key_19065,key_19190,SkillGroup
SkillGroup,key_19118,key_19191,SkillGroup
SkillGroup,key_19328,key_19192,SkillGroup
SkillGroup,key_19380,key_19193,SkillGroup
SkillGroup,key_19186,key_19194,SkillGroup
SkillGroup,key_19385,key_19195,SkillGroup
SkillGroup,key_19060,key_19196,SkillGroup
SkillGroup,key_19223,key_19197,SkillGroup
SkillGroup,key_19325,key_19198,SkillGroup
SkillGroup,key_19213,key_19199,SkillGroup
SkillGroup,key_19257,key_19200,SkillGroup
SkillGroup,key_19133,key_19201,SkillGroup
SkillGroup,key_19372,key_19202,SkillGroup
SkillGroup,key_19182,key_19203,SkillGroup
SkillGroup,key_19100,key_19204,SkillGroup
SkillGroup,key_19323,key_19205,SkillGroup
SkillGroup,key_19078,key_19206,SkillGroup
SkillGroup,key_19010,key_19207,SkillGroup
SkillGroup,key_19010,key_19208,SkillGroup
SkillGroup,key_19124,key_19209,SkillGroup
SkillGroup,key_19134,key_19210,SkillGroup
SkillGroup,key_19349,key_19211,SkillGroup
SkillGroup,key_19086,key_19212,SkillGroup
SkillGroup,key_19008,key_19213,SkillGroup
SkillGroup,key_19141,key_19214,SkillGroup
SkillGroup,key_19011,key_19215,SkillGroup
SkillGroup,key_19298,key_19216,SkillGroup
SkillGroup,key_19019,key_19217,SkillGroup
SkillGroup,key_19139,key_19218,SkillGroup
SkillGroup,key_19257,key_19219,SkillGroup
SkillGroup,key_19065,key_19220,SkillGroup
SkillGroup,key_19290,key_19221,SkillGroup
SkillGroup,key_19364,key_19222,SkillGroup
SkillGroup,key_19090,key_19223,SkillGroup
SkillGroup,key_19133,key_19224,SkillGroup
SkillGroup,key_19156,key_19225,SkillGroup
SkillGroup,key_19385,key_19226,SkillGroup
SkillGroup,key_19018,key_19227,SkillGroup
SkillGroup,key_19118,key_19228,SkillGroup
SkillGroup,key_19349,key_19229,SkillGroup
SkillGroup,key_19295,key_19230,SkillGroup
SkillGroup,key_19290,key_19231,SkillGroup
SkillGroup,key_19019,key_19232,SkillGroup
SkillGroup,key_19364,key_19233,SkillGroup
SkillGroup,key_19041,key_19234,SkillGroup
SkillGroup,key_19060,key_19235,SkillGroup
SkillGroup,key_19069,key_19236,SkillGroup
SkillGroup,key_19078,key_19237,SkillGroup
SkillGroup,key_19400,key_19238,SkillGroup
SkillGroup,key_19133,key_19239,SkillGroup
SkillGroup,key_19169,key_19240,SkillGroup
SkillGroup,key_19047,key_19241,SkillGroup
SkillGroup,key_19182,key_19242,SkillGroup
SkillGroup,key_19114,key_19243,SkillGroup
SkillGroup,key_19323,key_19244,SkillGroup
SkillGroup,key_19403,key_19245,SkillGroup
SkillGroup,key_19004,key_19246,SkillGroup
SkillGroup,key_19139,key_19247,SkillGroup
SkillGroup,key_19141,key_19248,SkillGroup
SkillGroup,key_19253,key_19249,SkillGroup
SkillGroup,key_19087,key_19250,SkillGroup
SkillGroup,key_19385,key_19251,SkillGroup
SkillGroup,key_19047,key_19252,SkillGroup
SkillGroup,key_19223,key_19253,SkillGroup
SkillGroup,key_19332,key_19254,SkillGroup
SkillGroup,key_19139,key_19255,SkillGroup
SkillGroup,key_19300,key_19256,SkillGroup
SkillGroup,key_19090,key_19257,SkillGroup
SkillGroup,key_19149,key_19258,SkillGroup
SkillGroup,key_19086,key_19259,SkillGroup
SkillGroup,key_19380,key_19260,SkillGroup
SkillGroup,key_19075,key_19261,SkillGroup
SkillGroup,key_19078,key_19262,SkillGroup
SkillGroup,key_19290,key_19263,SkillGroup
SkillGroup,key_19331,key_19264,SkillGroup
SkillGroup,key_19361,key_19265,SkillGroup
SkillGroup,key_19328,key_19266,SkillGroup
SkillGroup,key_19361,key_19267,SkillGroup
SkillGroup,key_19200,key_19268,SkillGroup
SkillGroup,key_19307,key_19269,SkillGroup
SkillGroup,key_19200,key_19270,SkillGroup
SkillGroup,key_19078,key_19271,SkillGroup
SkillGroup,key_19353,key_19272,SkillGroup
SkillGroup,key_19060,key_19273,SkillGroup
SkillGroup,key_19005,key_19274,SkillGroup
SkillGroup,key_19197,key_19275,SkillGroup
SkillGroup,key_19222,key_19276,SkillGroup
SkillGroup,key_19328,key_19277,SkillGroup
SkillGroup,key_19364,key_19278,SkillGroup
SkillGroup,key_19307,key_19279,SkillGroup
SkillGroup,key_19114,key_19280,SkillGroup
SkillGroup,key_19290,key_19281,SkillGroup
SkillGroup,key_19082,key_19282,SkillGroup
SkillGroup,key_19069,key_19283,SkillGroup
SkillGroup,key_19332,key_19284,SkillGroup
SkillGroup,key_19018,key_19285,SkillGroup
SkillGroup,key_19403,key_19286,SkillGroup
SkillGroup,key_19087,key_19287,SkillGroup
SkillGroup,key_19018,key_19288,SkillGroup
SkillGroup,key_19295,key_19289,SkillGroup
SkillGroup,key_19364,key_19290,SkillGroup
SkillGroup,key_19118,key_19291,SkillGroup
SkillGroup,key_19338,key_19292,SkillGroup
SkillGroup,key_19343,key_19293,SkillGroup
SkillGroup,key_19066,key_19294,SkillGroup
SkillGroup,key_19325,key_19295,SkillGroup
SkillGroup,key_19261,key_19296,SkillGroup
SkillGroup,key_19198,key_19297,SkillGroup
SkillGroup,key_19008,key_19298,SkillGroup
SkillGroup,key_19371,key_19299,SkillGroup
SkillGroup,key_19011,key_19300,SkillGroup
SkillGroup,key_19087,key_19301,SkillGroup
SkillGroup,key_19364,key_19302,SkillGroup
SkillGroup,key_19100,key_19303,SkillGroup
SkillGroup,key_19223,key_19304,SkillGroup
SkillGroup,key_19298,key_19305,SkillGroup
SkillGroup,key_19060,key_19306,SkillGroup
SkillGroup,key_19364,key_19307,SkillGroup
SkillGroup,key_19133,key_19308,SkillGroup
SkillGroup,key_19124,key_19309,SkillGroup
SkillGroup,key_19197,key_19310,SkillGroup
SkillGroup,key_19124,key_19311,SkillGroup
SkillGroup,key_19223,key_19312,SkillGroup
SkillGroup,key_19087,key_19313,SkillGroup
SkillGroup,key_19197,key_19314,SkillGroup
SkillGroup,key_19403,key_19315,SkillGroup
SkillGroup,key_19182,key_19316,SkillGroup
SkillGroup,key_19018,key_19317,SkillGroup
SkillGroup,key_19323,key_19318,SkillGroup
SkillGroup,key_19332,key_19320,SkillGroup
SkillGroup,key_19169,key_19321,SkillGroup
SkillGroup,key_19197,key_19322,SkillGroup
SkillGroup,key_19019,key_19323,SkillGroup
SkillGroup,key_19057,key_19324,SkillGroup
SkillGroup,key_19090,key_19325,SkillGroup
SkillGroup,key_19069,key_19326,SkillGroup
SkillGroup,key_19304,key_19327,SkillGroup
SkillGroup,key_19364,key_19328,SkillGroup
SkillGroup,key_19133,key_19329,SkillGroup
SkillGroup,key_19420,key_19330,SkillGroup
SkillGroup,key_19257,key_19331,SkillGroup
SkillGroup,key_19065,key_19332,SkillGroup
SkillGroup,key_19144,key_19333,SkillGroup
SkillGroup,key_19182,key_19334,SkillGroup
SkillGroup,key_19037,key_19335,SkillGroup
SkillGroup,key_19217,key_19336,SkillGroup
SkillGroup,key_19114,key_19337,SkillGroup
SkillGroup,key_19223,key_19338,SkillGroup
SkillGroup,key_19078,key_19339,SkillGroup
SkillGroup,key_19156,key_19340,SkillGroup
SkillGroup,key_19082,key_19341,SkillGroup
SkillGroup,key_19328,key_19342,SkillGroup
SkillGroup,key_19008,key_19343,SkillGroup
SkillGroup,key_19057,key_19344,SkillGroup
SkillGroup,key_19060,key_19345,SkillGroup
SkillGroup,key_19173,key_19346,SkillGroup
SkillGroup,key_19057,key_19347,SkillGroup
SkillGroup,key_19372,key_19348,SkillGroup
SkillGroup,key_19075,key_19349,SkillGroup
SkillGroup,key_19213,key_19350,SkillGroup
SkillGroup,key_19162,key_19351,SkillGroup
SkillGroup,key_19156,key_19352,SkillGroup
SkillGroup,key_19065,key_19353,SkillGroup
SkillGroup,key_19134,key_19354,SkillGroup
SkillGroup,key_19323,key_19355,SkillGroup
SkillGroup,key_19173,key_19356,SkillGroup
SkillGroup,key_19100,key_19357,SkillGroup
SkillGroup,key_19257,key_19358,SkillGroup
SkillGroup,key_19047,key_19359,SkillGroup
SkillGroup,key_19349,key_19360,SkillGroup
SkillGroup,key_19257,key_19361,SkillGroup
SkillGroup,key_19182,key_19362,SkillGroup
SkillGroup,key_19169,key_19363,SkillGroup
SkillGroup,key_19090,key_19364,SkillGroup
SkillGroup,key_19078,key_19365,SkillGroup
SkillGroup,key_19019,key_19366,SkillGroup
SkillGroup,key_19114,key_19367,SkillGroup
SkillGroup,key_19081,key_19368,SkillGroup
SkillGroup,key_19198,key_19369,SkillGroup
SkillGroup,key_19302,key_19370,SkillGroup
SkillGroup,key_19019,key_19371,SkillGroup
SkillGroup,key_19325,key_19372,SkillGroup
SkillGroup,key_19003,key_19373,SkillGroup
SkillGroup,key_19144,key_19374,SkillGroup
SkillGroup,key_19375,key_19376,SkillGroup
SkillGroup,key_19139,key_19377,SkillGroup
SkillGroup,key_19037,key_19378,SkillGroup
SkillGroup,key_19380,key_19379,SkillGroup
SkillGroup,key_19008,key_19380,SkillGroup
SkillGroup,key_19400,key_19381,SkillGroup
SkillGroup,key_19010,key_19382,SkillGroup
SkillGroup,key_19349,key_19383,SkillGroup
SkillGroup,key_19156,key_19384,SkillGroup
SkillGroup,key_19325,key_19385,SkillGroup
SkillGroup,key_19215,key_19386,SkillGroup
SkillGroup,key_19054,key_19387,SkillGroup
SkillGroup,key_19054,key_19388,SkillGroup
SkillGroup,key_19010,key_19389,SkillGroup
SkillGroup,key_19069,key_19390,SkillGroup
SkillGroup,key_19200,key_19391,SkillGroup
SkillGroup,key_19100,key_19392,SkillGroup
SkillGroup,key_19300,key_19393,SkillGroup
SkillGroup,key_19380,key_19394,SkillGroup
SkillGroup,key_19144,key_19395,SkillGroup
SkillGroup,key_19302,key_19396,SkillGroup
SkillGroup,key_19069,key_19397,SkillGroup
SkillGroup,key_19380,key_19398,SkillGroup
SkillGroup,key_19124,key_19399,SkillGroup
SkillGroup,key_19008,key_19400,SkillGroup
SkillGroup,key_19298,key_19401,SkillGroup
SkillGroup,key_19100,key_19402,SkillGroup
SkillGroup,key_19223,key_19403,SkillGroup
SkillGroup,key_19278,key_19404,SkillGroup
SkillGroup,key_19065,key_19405,SkillGroup
SkillGroup,key_19371,key_19406,SkillGroup
SkillGroup,key_19004,key_19407,SkillGroup
SkillGroup,key_19371,key_19408,SkillGroup
SkillGroup,key_19253,key_19409,SkillGroup
SkillGroup,key_19332,key_19410,SkillGroup
SkillGroup,key_19169,key_19411,SkillGroup
SkillGroup,key_19057,key_19412,SkillGroup
SkillGroup,key_19190,key_19413,SkillGroup
SkillGroup,key_19041,key_19414,SkillGroup
SkillGroup,key_19162,key_19415,SkillGroup
SkillGroup,key_19302,key_19416,SkillGroup
SkillGroup,key_19385,key_19417,SkillGroup
SkillGroup,key_19010,key_19418,SkillGroup
SkillGroup,key_19141,key_19419,SkillGroup
SkillGroup,key_19008,key_19420,SkillGroup
SkillGroup,key_19215,key_19421,SkillGroup
SkillGroup,key_19275,key_19422,Skill
SkillGroup,key_19225,key_19423,Skill
SkillGroup,key_19418,key_19424,Skill
SkillGroup,key_19097,key_19425,Skill
SkillGroup,key_19073,key_19426,Skill
SkillGroup,key_19324,key_19427,Skill
SkillGroup,key_19137,key_19428,Skill
SkillGroup,key_18900,key_19429,Skill
SkillGroup,key_19246,key_19430,Skill
SkillGroup,key_19175,key_19431,Skill
SkillGroup,key_19259,key_19432,Skill
SkillGroup,key_19318,key_19433,Skill
SkillGroup,key_19164,key_19434,Skill
SkillGroup,key_19316,key_19435,Skill
SkillGroup,key_19415,key_19436,Skill
SkillGroup,key_19377,key_19437,Skill
SkillGroup,key_18955,key_19438,Skill
SkillGroup,key_19303,key_19439,Skill
SkillGroup,key_19296,key_19440,Skill
SkillGroup,key_19106,key_19441,Skill
SkillGroup,key_19374,key_19443,Skill
SkillGroup,key_19126,key_19444,Skill
SkillGroup,key_19397,key_19445,Skill
SkillGroup,key_18856,key_19446,Skill
SkillGroup,key_19339,key_19447,Skill
SkillGroup,key_19379,key_19448,Skill
SkillGroup,key_19207,key_19449,Skill
SkillGroup,key_19179,key_19451,Skill
SkillGroup,key_18900,key_19452,Skill
SkillGroup,key_18958,key_19453,Skill
SkillGroup,key_18919,key_19454,Skill
SkillGroup,key_19074,key_19455,Skill
SkillGroup,key_19167,key_19456,Skill
SkillGroup,key_19129,key_19457,Skill
SkillGroup,key_19036,key_19458,Skill
SkillGroup,key_19138,key_19459,Skill
SkillGroup,key_19111,key_19460,Skill
SkillGroup,key_19131,key_19461,Skill
SkillGroup,key_19014,key_19462,Skill
SkillGroup,key_18909,key_19463,Skill
SkillGroup,key_19225,key_19464,Skill
SkillGroup,key_19155,key_19465,Skill
SkillGroup,key_19340,key_19466,Skill
SkillGroup,key_19166,key_19467,Skill
SkillGroup,key_19049,key_19468,Skill
SkillGroup,key_19088,key_19469,Skill
SkillGroup,key_19230,key_19470,Skill
SkillGroup,key_19270,key_19471,Skill
SkillGroup,key_19177,key_19472,Skill
SkillGroup,key_19348,key_19473,Skill
SkillGroup,key_18918,key_19474,Skill
SkillGroup,key_18899,key_19475,Skill
SkillGroup,key_19170,key_19476,Skill
SkillGroup,key_19397,key_19477,Skill
SkillGroup,key_19226,key_19478,Skill
SkillGroup,key_19271,key_19479,Skill
SkillGroup,key_19309,key_19480,Skill
SkillGroup,key_19170,key_19481,Skill
SkillGroup,key_19089,key_19482,Skill
SkillGroup,key_19281,key_19484,Skill
SkillGroup,key_19205,key_19485,Skill
SkillGroup,key_19404,key_19486,Skill
SkillGroup,key_19210,key_19487,Skill
SkillGroup,key_19251,key_19488,Skill
SkillGroup,key_19015,key_19489,Skill
SkillGroup,key_19271,key_19490,Skill
SkillGroup,key_19051,key_19491,Skill
SkillGroup,key_19024,key_19492,Skill
SkillGroup,key_19315,key_19493,Skill
SkillGroup,key_19392,key_19494,Skill
SkillGroup,key_18899,key_19495,Skill
SkillGroup,key_19286,key_19496,Skill
SkillGroup,key_18978,key_19497,Skill
SkillGroup,key_18991,key_19498,Skill
SkillGroup,key_19166,key_19499,Skill
SkillGroup,key_19177,key_19500,Skill
SkillGroup,key_19275,key_19501,Skill
SkillGroup,key_19388,key_19502,Skill
SkillGroup,key_18954,key_19503,Skill
SkillGroup,key_18874,key_19505,Skill
SkillGroup,key_19373,key_19506,Skill
SkillGroup,key_19177,key_19508,Skill
SkillGroup,key_19384,key_19509,Skill
SkillGroup,key_19206,key_19510,Skill
SkillGroup,key_19166,key_19511,Skill
SkillGroup,key_19177,key_19512,Skill
SkillGroup,key_19291,key_19513,Skill
SkillGroup,key_19058,key_19514,Skill
SkillGroup,key_19174,key_19515,Skill
SkillGroup,key_19409,key_19516,Skill
SkillGroup,key_18986,key_19517,Skill
SkillGroup,key_19158,key_19518,Skill
SkillGroup,key_18883,key_19519,Skill
SkillGroup,key_19174,key_19520,Skill
SkillGroup,key_19252,key_19521,Skill
SkillGroup,key_19241,key_19522,Skill
SkillGroup,key_19033,key_19523,Skill
SkillGroup,key_19355,key_19524,Skill
SkillGroup,key_18884,key_19525,Skill
SkillGroup,key_18985,key_19526,Skill
SkillGroup,key_18900,key_19527,Skill
SkillGroup,key_19072,key_19528,Skill
SkillGroup,key_19275,key_19529,Skill
SkillGroup,key_19035,key_19530,Skill
SkillGroup,key_19022,key_19531,Skill
SkillGroup,key_19234,key_19532,Skill
SkillGroup,key_19024,key_19533,Skill
SkillGroup,key_18919,key_19534,Skill
SkillGroup,key_19072,key_19535,Skill
SkillGroup,key_19042,key_19536,Skill
SkillGroup,key_19296,key_19538,Skill
SkillGroup,key_19166,key_19539,Skill
SkillGroup,key_19201,key_19540,Skill
SkillGroup,key_19408,key_19541,Skill
SkillGroup,key_18944,key_19542,Skill
SkillGroup,key_19314,key_19543,Skill
SkillGroup,key_19337,key_19544,Skill
SkillGroup,key_18899,key_19545,Skill
SkillGroup,key_19250,key_19546,Skill
SkillGroup,key_19188,key_19547,Skill
SkillGroup,key_19301,key_19549,Skill
SkillGroup,key_18899,key_19550,Skill
SkillGroup,key_19189,key_19551,Skill
SkillGroup,key_19234,key_19552,Skill
SkillGroup,key_19058,key_19553,Skill
SkillGroup,key_19052,key_19554,Skill
SkillGroup,key_18955,key_19555,Skill
SkillGroup,key_18944,key_19556,Skill
SkillGroup,key_19303,key_19557,Skill
SkillGroup,key_19155,key_19558,Skill
SkillGroup,key_19155,key_19559,Skill
SkillGroup,key_19225,key_19560,Skill
SkillGroup,key_19064,key_19561,Skill
SkillGroup,key_19048,key_19562,Skill
SkillGroup,key_19104,key_19563,Skill
SkillGroup,key_18884,key_19564,Skill
SkillGroup,key_19105,key_19565,Skill
SkillGroup,key_19285,key_19566,Skill
SkillGroup,key_19052,key_19567,Skill
SkillGroup,key_19363,key_19568,Skill
SkillGroup,key_19297,key_19569,Skill
SkillGroup,key_19270,key_19570,Skill
SkillGroup,key_18900,key_19571,Skill
SkillGroup,key_19224,key_19572,Skill
SkillGroup,key_19285,key_19573,Skill
SkillGroup,key_19035,key_19574,Skill
SkillGroup,key_19143,key_19575,Skill
SkillGroup,key_19058,key_19576,Skill
SkillGroup,key_18985,key_19577,Skill
SkillGroup,key_19140,key_19578,Skill
SkillGroup,key_19067,key_19579,Skill
SkillGroup,key_19340,key_19581,Skill
SkillGroup,key_19187,key_19582,Skill
SkillGroup,key_18817,key_19583,Skill
SkillGroup,key_19340,key_19584,Skill
SkillGroup,key_19174,key_19586,Skill
SkillGroup,key_19014,key_19587,Skill
SkillGroup,key_19137,key_19588,Skill
SkillGroup,key_19317,key_19589,Skill
SkillGroup,key_19279,key_19590,Skill
SkillGroup,key_19373,key_19591,Skill
SkillGroup,key_19344,key_19592,Skill
SkillGroup,key_19277,key_19593,Skill
SkillGroup,key_19209,key_19594,Skill
SkillGroup,key_18978,key_19595,Skill
SkillGroup,key_19088,key_19596,Skill
SkillGroup,key_19389,key_19597,Skill
SkillGroup,key_19098,key_19598,Skill
SkillGroup,key_18838,key_19599,Skill
SkillGroup,key_18899,key_19600,Skill
SkillGroup,key_18936,key_19601,Skill
SkillGroup,key_19344,key_19602,Skill
SkillGroup,key_19348,key_19603,Skill
SkillGroup,key_19055,key_19604,Skill
SkillGroup,key_19172,key_19605,Skill
SkillGroup,key_18925,key_19606,Skill
SkillGroup,key_19281,key_19607,Skill
SkillGroup,key_19337,key_19608,Skill
SkillGroup,key_19384,key_19609,Skill
SkillGroup,key_19101,key_19610,Skill
SkillGroup,key_18955,key_19611,Skill
SkillGroup,key_19413,key_19612,Skill
SkillGroup,key_18956,key_19613,Skill
SkillGroup,key_18986,key_19614,Skill
SkillGroup,key_19089,key_19615,Skill
SkillGroup,key_19271,key_19616,Skill
SkillGroup,key_19373,key_19617,Skill
SkillGroup,key_19214,key_19618,Skill
SkillGroup,key_19083,key_19619,Skill
SkillGroup,key_19170,key_19620,Skill
SkillGroup,key_19048,key_19622,Skill
SkillGroup,key_19172,key_19623,Skill
SkillGroup,key_19301,key_19624,Skill
SkillGroup,key_19062,key_19625,Skill
SkillGroup,key_19073,key_19626,Skill
SkillGroup,key_19172,key_19627,Skill
SkillGroup,key_19313,key_19628,Skill
SkillGroup,key_19402,key_19629,Skill
SkillGroup,key_18816,key_19630,Skill
SkillGroup,key_19185,key_19632,Skill
SkillGroup,key_19306,key_19635,Skill
SkillGroup,key_19315,key_19636,Skill
SkillGroup,key_19409,key_19637,Skill
SkillGroup,key_18994,key_19638,Skill
SkillGroup,key_19187,key_19639,Skill
SkillGroup,key_19340,key_19640,Skill
SkillGroup,key_18863,key_19642,Skill
SkillGroup,key_19245,key_19643,Skill
SkillGroup,key_19397,key_19644,Skill
SkillGroup,key_19370,key_19645,Skill
SkillGroup,key_19250,key_19646,Skill
SkillGroup,key_19107,key_19647,Skill
SkillGroup,key_19242,key_19648,Skill
SkillGroup,key_19104,key_19649,Skill
SkillGroup,key_19091,key_19650,Skill
SkillGroup,key_19373,key_19651,Skill
SkillGroup,key_19415,key_19652,Skill
SkillGroup,key_18900,key_19653,Skill
SkillGroup,key_19103,key_19654,Skill
SkillGroup,key_19106,key_19655,Skill
SkillGroup,key_19067,key_19656,Skill
SkillGroup,key_19159,key_19657,Skill
SkillGroup,key_19048,key_19658,Skill
SkillGroup,key_19396,key_19659,Skill
SkillGroup,key_19357,key_19660,Skill
SkillGroup,key_18942,key_19661,Skill
SkillGroup,key_19340,key_19662,Skill
SkillGroup,key_19179,key_19663,Skill
SkillGroup,key_19175,key_19664,Skill
SkillGroup,key_19207,key_19665,Skill
SkillGroup,key_19045,key_19666,Skill
SkillGroup,key_18856,key_19667,Skill
SkillGroup,key_18955,key_19668,Skill
SkillGroup,key_19184,key_19669,Skill
SkillGroup,key_19273,key_19670,Skill
SkillGroup,key_19201,key_19671,Skill
SkillGroup,key_19014,key_19672,Skill
SkillGroup,key_19344,key_19673,Skill
SkillGroup,key_19165,key_19674,Skill
SkillGroup,key_19275,key_19675,Skill
SkillGroup,key_19150,key_19676,Skill
SkillGroup,key_19185,key_19677,Skill
SkillGroup,key_18919,key_19678,Skill
SkillGroup,key_19293,key_19679,Skill
SkillGroup,key_18981,key_19680,Skill
SkillGroup,key_18920,key_19681,Skill
SkillGroup,key_19379,key_19682,Skill
SkillGroup,key_19020,key_19683,Skill
SkillGroup,key_19407,key_19684,Skill
SkillGroup,key_18808,key_19686,Skill
SkillGroup,key_19340,key_19687,Skill
SkillGroup,key_19287,key_19688,Skill
SkillGroup,key_19187,key_19689,Skill
SkillGroup,key_19340,key_19690,Skill
SkillGroup,key_19029,key_19691,Skill
SkillGroup,key_18913,key_19692,Skill
SkillGroup,key_19275,key_19693,Skill
SkillGroup,key_19216,key_19694,Skill
SkillGroup,key_19025,key_19695,Skill
SkillGroup,key_19199,key_19696,Skill
SkillGroup,key_19369,key_19697,Skill
SkillGroup,key_19012,key_19698,Skill
SkillGroup,key_19229,key_19699,Skill
SkillGroup,key_18918,key_19700,Skill
SkillGroup,key_18911,key_19701,Skill
SkillGroup,key_18837,key_19702,Skill
SkillGroup,key_19185,key_19703,Skill
SkillGroup,key_19383,key_19704,Skill
SkillGroup,key_18857,key_19705,Skill
SkillGroup,key_18913,key_19706,Skill
SkillGroup,key_19113,key_19707,Skill
SkillGroup,key_19063,key_19708,Skill
SkillGroup,key_19291,key_19709,Skill
SkillGroup,key_19284,key_19710,Skill
SkillGroup,key_19317,key_19711,Skill
SkillGroup,key_19174,key_19712,Skill
SkillGroup,key_19032,key_19713,Skill
SkillGroup,key_19344,key_19714,Skill
SkillGroup,key_19053,key_19715,Skill
SkillGroup,key_19174,key_19716,Skill
SkillGroup,key_19028,key_19717,Skill
SkillGroup,key_19365,key_19718,Skill
SkillGroup,key_18921,key_19719,Skill
SkillGroup,key_18920,key_19720,Skill
SkillGroup,key_19398,key_19721,Skill
SkillGroup,key_19369,key_19722,Skill
SkillGroup,key_19172,key_19723,Skill
SkillGroup,key_19196,key_19724,Skill
SkillGroup,key_19379,key_19725,Skill
SkillGroup,key_19317,key_19726,Skill
SkillGroup,key_19303,key_19727,Skill
SkillGroup,key_18955,key_19728,Skill
SkillGroup,key_19064,key_19729,Skill
SkillGroup,key_19216,key_19730,Skill
SkillGroup,key_19091,key_19731,Skill
SkillGroup,key_19196,key_19732,Skill
SkillGroup,key_19339,key_19733,Skill
SkillGroup,key_19394,key_19734,Skill
SkillGroup,key_18873,key_19735,Skill
SkillGroup,key_19392,key_19736,Skill
SkillGroup,key_19042,key_19737,Skill
SkillGroup,key_19228,key_19738,Skill
SkillGroup,key_19382,key_19739,Skill
SkillGroup,key_19177,key_19740,Skill
SkillGroup,key_18985,key_19741,Skill
SkillGroup,key_19113,key_19742,Skill
SkillGroup,key_19384,key_19743,Skill
SkillGroup,key_19172,key_19744,Skill
SkillGroup,key_19108,key_19745,Skill
SkillGroup,key_19279,key_19746,Skill
SkillGroup,key_19177,key_19747,Skill
SkillGroup,key_18913,key_19748,Skill
SkillGroup,key_19408,key_19749,Skill
SkillGroup,key_19258,key_19750,Skill
SkillGroup,key_19275,key_19751,Skill
SkillGroup,key_19199,key_19752,Skill
SkillGroup,key_18898,key_19753,Skill
SkillGroup,key_19131,key_19754,Skill
SkillGroup,key_18863,key_19755,Skill
SkillGroup,key_19055,key_19756,Skill
SkillGroup,key_18824,key_19757,Skill
SkillGroup,key_19251,key_19758,Skill
SkillGroup,key_19188,key_19759,Skill
SkillGroup,key_19238,key_19760,Skill
SkillGroup,key_19397,key_19761,Skill
SkillGroup,key_19284,key_19762,Skill
SkillGroup,key_19096,key_19763,Skill
SkillGroup,key_18911,key_19764,Skill
SkillGroup,key_19317,key_19765,Skill
SkillGroup,key_19388,key_19766,Skill
SkillGroup,key_19050,key_19767,Skill
SkillGroup,key_19291,key_19768,Skill
SkillGroup,key_19174,key_19769,Skill
SkillGroup,key_18879,key_19770,Skill
SkillGroup,key_18918,key_19771,Skill
SkillGroup,key_19225,key_19772,Skill
SkillGroup,key_19408,key_19773,Skill
SkillGroup,key_19350,key_19774,Skill
SkillGroup,key_19050,key_19775,Skill
SkillGroup,key_19276,key_19776,Skill
SkillGroup,key_18856,key_19777,Skill
SkillGroup,key_19049,key_19778,Skill
SkillGroup,key_18991,key_19779,Skill
SkillGroup,key_18900,key_19780,Skill
SkillGroup,key_19170,key_19781,Skill
SkillGroup,key_19048,key_19782,Skill
SkillGroup,key_19231,key_19784,Skill
SkillGroup,key_19184,key_19785,Skill
SkillGroup,key_18936,key_19786,Skill
SkillGroup,key_19267,key_19787,Skill
SkillGroup,key_19174,key_19788,Skill
SkillGroup,key_18936,key_19790,Skill
SkillGroup,key_19212,key_19791,Skill
SkillGroup,key_19083,key_19793,Skill
SkillGroup,key_18919,key_19794,Skill
SkillGroup,key_18885,key_19795,Skill
SkillGroup,key_18913,key_19796,Skill
SkillGroup,key_19377,key_19797,Skill
SkillGroup,key_19208,key_19798,Skill
SkillGroup,key_19337,key_19799,Skill
SkillGroup,key_19207,key_19800,Skill
SkillGroup,key_18837,key_19802,Skill
SkillGroup,key_19177,key_19803,Skill
SkillGroup,key_19282,key_19804,Skill
SkillGroup,key_19188,key_19805,Skill
SkillGroup,key_19088,key_19806,Skill
SkillGroup,key_19155,key_19807,Skill
SkillGroup,key_19365,key_19808,Skill
SkillGroup,key_19207,key_19809,Skill
SkillGroup,key_19288,key_19810,Skill
SkillGroup,key_19339,key_19811,Skill
SkillGroup,key_19299,key_19812,Skill
SkillGroup,key_19128,key_19813,Skill
SkillGroup,key_19303,key_19814,Skill
SkillGroup,key_19277,key_19816,Skill
SkillGroup,key_18824,key_19817,Skill
SkillGroup,key_19384,key_19818,Skill
SkillGroup,key_19048,key_19819,Skill
SkillGroup,key_19340,key_19820,Skill
SkillGroup,key_18913,key_19821,Skill
SkillGroup,key_18838,key_19822,Skill
SkillGroup,key_19159,key_19823,Skill
SkillGroup,key_19262,key_19824,Skill
SkillGroup,key_19306,key_19825,Skill
SkillGroup,key_19239,key_19826,Skill
SkillGroup,key_18878,key_19827,Skill
SkillGroup,key_19140,key_19828,Skill
SkillGroup,key_19239,key_19829,Skill
SkillGroup,key_19377,key_19830,Skill
SkillGroup,key_18857,key_19831,Skill
SkillGroup,key_19036,key_19832,Skill
SkillGroup,key_18854,key_19833,Skill
SkillGroup,key_19205,key_19834,Skill
SkillGroup,key_19201,key_19835,Skill
SkillGroup,key_19340,key_19836,Skill
SkillGroup,key_19355,key_19837,Skill
SkillGroup,key_19040,key_19838,Skill
SkillGroup,key_19234,key_19839,Skill
SkillGroup,key_18956,key_19840,Skill
SkillGroup,key_18899,key_19841,Skill
SkillGroup,key_19263,key_19842,Skill
SkillGroup,key_19413,key_19843,Skill
SkillGroup,key_19344,key_19844,Skill
SkillGroup,key_19277,key_19846,Skill
SkillGroup,key_19329,key_19847,Skill
SkillGroup,key_19208,key_19848,Skill
SkillGroup,key_19231,key_19849,Skill
SkillGroup,key_19252,key_19850,Skill
SkillGroup,key_19023,key_19851,Skill
SkillGroup,key_19316,key_19852,Skill
SkillGroup,key_19389,key_19853,Skill
SkillGroup,key_19091,key_19855,Skill
SkillGroup,key_19351,key_19856,Skill
SkillGroup,key_19316,key_19857,Skill
SkillGroup,key_18859,key_19858,Skill
SkillGroup,key_19229,key_19859,Skill
SkillGroup,key_19208,key_19860,Skill
SkillGroup,key_19348,key_19861,Skill
SkillGroup,key_19083,key_19862,Skill
SkillGroup,key_19074,key_19863,Skill
SkillGroup,key_19216,key_19864,Skill
SkillGroup,key_19088,key_19865,Skill
SkillGroup,key_18918,key_19866,Skill
SkillGroup,key_18918,key_19867,Skill
SkillGroup,key_19166,key_19868,Skill
SkillGroup,key_19408,key_19869,Skill
SkillGroup,key_19024,key_19870,Skill
SkillGroup,key_19337,key_19871,Skill
SkillGroup,key_19377,key_19872,Skill
SkillGroup,key_18991,key_19873,Skill
SkillGroup,key_18936,key_19874,Skill
SkillGroup,key_19150,key_19875,Skill
SkillGroup,key_19024,key_19876,Skill
SkillGroup,key_19292,key_19877,Skill
SkillGroup,key_19287,key_19878,Skill
SkillGroup,key_19408,key_19880,Skill
SkillGroup,key_19392,key_19881,Skill
SkillGroup,key_19369,key_19882,Skill
SkillGroup,key_19185,key_19883,Skill
SkillGroup,key_18955,key_19884,Skill
SkillGroup,key_19099,key_19885,Skill
SkillGroup,key_18863,key_19886,Skill
SkillGroup,key_19036,key_19887,Skill
SkillGroup,key_19396,key_19888,Skill
SkillGroup,key_19014,key_19889,Skill
SkillGroup,key_19024,key_19890,Skill
SkillGroup,key_19089,key_19891,Skill
SkillGroup,key_18913,key_19892,Skill
SkillGroup,key_18856,key_19893,Skill
SkillGroup,key_18920,key_19894,Skill
SkillGroup,key_19179,key_19895,Skill
SkillGroup,key_19310,key_19896,Skill
SkillGroup,key_18926,key_19897,Skill
SkillGroup,key_19297,key_19898,Skill
SkillGroup,key_19154,key_19899,Skill
SkillGroup,key_19042,key_19900,Skill
SkillGroup,key_19061,key_19901,Skill
SkillGroup,key_19002,key_19902,Skill
SkillGroup,key_18808,key_19903,Skill
SkillGroup,key_18817,key_19904,Skill
SkillGroup,key_19112,key_19905,Skill
SkillGroup,key_19397,key_19906,Skill
SkillGroup,key_19179,key_19907,Skill
SkillGroup,key_19316,key_19908,Skill
SkillGroup,key_18955,key_19909,Skill
SkillGroup,key_19050,key_19910,Skill
SkillGroup,key_18912,key_19911,Skill
SkillGroup,key_19355,key_19912,Skill
SkillGroup,key_19363,key_19913,Skill
SkillGroup,key_19241,key_19914,Skill
SkillGroup,key_18883,key_19915,Skill
SkillGroup,key_19395,key_19916,Skill
SkillGroup,key_19077,key_19917,Skill
SkillGroup,key_19216,key_19918,Skill
SkillGroup,key_19028,key_19919,Skill
SkillGroup,key_19402,key_19920,Skill
SkillGroup,key_19339,key_19921,Skill
SkillGroup,key_19042,key_19922,Skill
SkillGroup,key_19339,key_19923,Skill
SkillGroup,key_19345,key_19924,Skill
SkillGroup,key_19058,key_19925,Skill
SkillGroup,key_18990,key_19926,Skill
SkillGroup,key_19318,key_19927,Skill
SkillGroup,key_19318,key_19928,Skill
SkillGroup,key_18944,key_19929,Skill
SkillGroup,key_19035,key_19930,Skill
SkillGroup,key_18900,key_19931,Skill
SkillGroup,key_19326,key_19932,Skill
SkillGroup,key_19126,key_19934,Skill
SkillGroup,key_19235,key_19935,Skill
SkillGroup,key_19285,key_19936,Skill
SkillGroup,key_18985,key_19937,Skill
SkillGroup,key_18957,key_19938,Skill
SkillGroup,key_19175,key_19939,Skill
SkillGroup,key_19161,key_19940,Skill
SkillGroup,key_19396,key_19941,Skill
SkillGroup,key_19340,key_19942,Skill
SkillGroup,key_18900,key_19943,Skill
SkillGroup,key_18856,key_19944,Skill
SkillGroup,key_19188,key_19945,Skill
SkillGroup,key_19329,key_19946,Skill
SkillGroup,key_19308,key_19947,Skill
SkillGroup,key_19374,key_19948,Skill
SkillGroup,key_19225,key_19949,Skill
SkillGroup,key_19154,key_19950,Skill
SkillGroup,key_18994,key_19951,Skill
SkillGroup,key_19029,key_19952,Skill
SkillGroup,key_19121,key_19954,Skill
SkillGroup,key_19352,key_19955,Skill
SkillGroup,key_19272,key_19956,Skill
SkillGroup,key_19339,key_19957,Skill
SkillGroup,key_19207,key_19959,Skill
SkillGroup,key_18856,key_19960,Skill
SkillGroup,key_19103,key_19961,Skill
SkillGroup,key_19408,key_19962,Skill
SkillGroup,key_19292,key_19963,Skill
SkillGroup,key_19205,key_19964,Skill
SkillGroup,key_19029,key_19965,Skill
SkillGroup,key_19022,key_19966,Skill
SkillGroup,key_19254,key_19967,Skill
SkillGroup,key_19148,key_19968,Skill
SkillGroup,key_19024,key_19969,Skill
SkillGroup,key_19224,key_19970,Skill
SkillGroup,key_18835,key_19971,Skill
SkillGroup,key_19245,key_19972,Skill
SkillGroup,key_18856,key_19973,Skill
SkillGroup,key_19205,key_19974,Skill
SkillGroup,key_19277,key_19975,Skill
SkillGroup,key_18863,key_19976,Skill
SkillGroup,key_19324,key_19977,Skill
SkillGroup,key_18911,key_19978,Skill
SkillGroup,key_18994,key_19979,Skill
SkillGroup,key_18899,key_19980,Skill
SkillGroup,key_19397,key_19981,Skill
SkillGroup,key_19188,key_19982,Skill
SkillGroup,key_18824,key_19983,Skill
SkillGroup,key_19115,key_19984,Skill
SkillGroup,key_19392,key_19985,Skill
SkillGroup,key_19379,key_19986,Skill
SkillGroup,key_19291,key_19987,Skill
SkillGroup,key_19287,key_19988,Skill
SkillGroup,key_19177,key_19989,Skill
SkillGroup,key_19225,key_19990,Skill
SkillGroup,key_19272,key_19991,Skill
SkillGroup,key_19058,key_19992,Skill
SkillGroup,key_19088,key_19993,Skill
SkillGroup,key_18857,key_19994,Skill
SkillGroup,key_19179,key_19995,Skill
SkillGroup,key_19316,key_19996,Skill
SkillGroup,key_19270,key_19997,Skill
SkillGroup,key_19092,key_19998,Skill
SkillGroup,key_19172,key_19999,Skill
SkillGroup,key_19334,key_20000,Skill
SkillGroup,key_18816,key_20001,Skill
SkillGroup,key_19227,key_20003,Skill
SkillGroup,key_19412,key_20004,Skill
SkillGroup,key_19389,key_20005,Skill
SkillGroup,key_19111,key_20006,Skill
SkillGroup,key_19033,key_20007,Skill
SkillGroup,key_18914,key_20008,Skill
SkillGroup,key_19155,key_20009,Skill
SkillGroup,key_19136,key_20010,Skill
SkillGroup,key_19345,key_20011,Skill
SkillGroup,key_19172,key_20012,Skill
SkillGroup,key_19379,key_20013,Skill
SkillGroup,key_19155,key_20014,Skill
SkillGroup,key_19022,key_20015,Skill
SkillGroup,key_18913,key_20016,Skill
SkillGroup,key_19199,key_20017,Skill
SkillGroup,key_19177,key_20018,Skill
SkillGroup,key_18909,key_20019,Skill
SkillGroup,key_19199,key_20020,Skill
SkillGroup,key_18863,key_20021,Skill
SkillGroup,key_18994,key_20022,Skill
SkillGroup,key_19318,key_20023,Skill
SkillGroup,key_19326,key_20024,Skill
SkillGroup,key_19161,key_20025,Skill
SkillGroup,key_19287,key_20026,Skill
SkillGroup,key_19122,key_20027,Skill
SkillGroup,key_19245,key_20028,Skill
SkillGroup,key_19098,key_20029,Skill
SkillGroup,key_19239,key_20030,Skill
SkillGroup,key_19072,key_20032,Skill
SkillGroup,key_19207,key_20033,Skill
SkillGroup,key_19201,key_20034,Skill
SkillGroup,key_19281,key_20035,Skill
SkillGroup,key_18911,key_20036,Skill
SkillGroup,key_19224,key_20037,Skill
SkillGroup,key_19258,key_20038,Skill
SkillGroup,key_19013,key_20039,Skill
SkillGroup,key_19170,key_20040,Skill
SkillGroup,key_19177,key_20041,Skill
SkillGroup,key_19187,key_20042,Skill
SkillGroup,key_18913,key_20043,Skill
SkillGroup,key_19238,key_20044,Skill
SkillGroup,key_18873,key_20045,Skill
SkillGroup,key_19025,key_20046,Skill
SkillGroup,key_19099,key_20047,Skill
SkillGroup,key_19379,key_20048,Skill
SkillGroup,key_18855,key_20049,Skill
SkillGroup,key_19306,key_20050,Skill
SkillGroup,key_18955,key_20051,Skill
SkillGroup,key_18913,key_20052,Skill
SkillGroup,key_19374,key_20053,Skill
SkillGroup,key_19324,key_20054,Skill
SkillGroup,key_19275,key_20055,Skill
SkillGroup,key_18859,key_20056,Skill
SkillGroup,key_19177,key_20057,Skill
SkillGroup,key_18955,key_20058,Skill
SkillGroup,key_19360,key_20059,Skill
SkillGroup,key_19024,key_20060,Skill
SkillGroup,key_19042,key_20061,Skill
SkillGroup,key_19205,key_20062,Skill
SkillGroup,key_19401,key_20063,Skill
SkillGroup,key_18811,key_20064,Skill
SkillGroup,key_19177,key_20065,Skill
SkillGroup,key_19104,key_20066,Skill
SkillGroup,key_19266,key_20067,Skill
SkillGroup,key_18918,key_20068,Skill
SkillGroup,key_19316,key_20069,Skill
SkillGroup,key_19187,key_20070,Skill
SkillGroup,key_19402,key_20071,Skill
SkillGroup,key_19281,key_20072,Skill
SkillGroup,key_19064,key_20073,Skill
SkillGroup,key_19382,key_20074,Skill
SkillGroup,key_19266,key_20075,Skill
SkillGroup,key_19270,key_20076,Skill
SkillGroup,key_19389,key_20077,Skill
SkillGroup,key_19088,key_20078,Skill
SkillGroup,key_19373,key_20079,Skill
SkillGroup,key_19072,key_20081,Skill
SkillGroup,key_18890,key_20082,Skill
SkillGroup,key_19157,key_20083,Skill
SkillGroup,key_19247,key_20084,Skill
SkillGroup,key_19409,key_20085,Skill
SkillGroup,key_19099,key_20086,Skill
SkillGroup,key_19209,key_20087,Skill
SkillGroup,key_19350,key_20088,Skill
SkillGroup,key_19088,key_20089,Skill
SkillGroup,key_19327,key_20090,Skill
SkillGroup,key_19401,key_20091,Skill
SkillGroup,key_18808,key_20092,Skill
SkillGroup,key_19036,key_20093,Skill
SkillGroup,key_19160,key_20094,Skill
SkillGroup,key_18926,key_20095,Skill
SkillGroup,key_19315,key_20096,Skill
SkillGroup,key_19177,key_20097,Skill
SkillGroup,key_19316,key_20098,Skill
SkillGroup,key_19058,key_20100,Skill
SkillGroup,key_19374,key_20101,Skill
SkillGroup,key_18900,key_20102,Skill
SkillGroup,key_18863,key_20103,Skill
SkillGroup,key_19102,key_20104,Skill
SkillGroup,key_19021,key_20105,Skill
SkillGroup,key_18900,key_20106,Skill
SkillGroup,key_19104,key_20107,Skill
SkillGroup,key_19231,key_20108,Skill
SkillGroup,key_19209,key_20109,Skill
SkillGroup,key_19083,key_20110,Skill
SkillGroup,key_19347,key_20111,Skill
SkillGroup,key_19409,key_20112,Skill
SkillGroup,key_18863,key_20113,Skill
SkillGroup,key_19291,key_20114,Skill
SkillGroup,key_18857,key_20115,Skill
SkillGroup,key_19017,key_20116,Skill
SkillGroup,key_18958,key_20117,Skill
SkillGroup,key_19352,key_20118,Skill
SkillGroup,key_18926,key_20119,Skill
SkillGroup,key_19346,key_20120,Skill
SkillGroup,key_18900,key_20121,Skill
SkillGroup,key_19138,key_20122,Skill
SkillGroup,key_19177,key_20123,Skill
SkillGroup,key_18913,key_20124,Skill
SkillGroup,key_19205,key_20125,Skill
SkillGroup,key_19267,key_20126,Skill
SkillGroup,key_19356,key_20127,Skill
SkillGroup,key_19206,key_20128,Skill
SkillGroup,key_19161,key_20129,Skill
SkillGroup,key_19028,key_20130,Skill
SkillGroup,key_19296,key_20131,Skill
SkillGroup,key_19293,key_20132,Skill
SkillGroup,key_18855,key_20133,Skill
SkillGroup,key_19408,key_20134,Skill
SkillGroup,key_19072,key_20135,Skill
SkillGroup,key_19339,key_20136,Skill
SkillGroup,key_19193,key_20137,Skill
SkillGroup,key_19177,key_20138,Skill
SkillGroup,key_19348,key_20139,Skill
SkillGroup,key_18926,key_20140,Skill
SkillGroup,key_19239,key_20141,Skill
SkillGroup,key_19389,key_20142,Skill
SkillGroup,key_19210,key_20143,Skill
SkillGroup,key_19042,key_20144,Skill
SkillGroup,key_19227,key_20145,Skill
SkillGroup,key_19333,key_20146,Skill
SkillGroup,key_19324,key_20147,Skill
SkillGroup,key_19271,key_20148,Skill
SkillGroup,key_19388,key_20149,Skill
SkillGroup,key_19373,key_20150,Skill
SkillGroup,key_19387,key_20151,Skill
SkillGroup,key_19175,key_20152,Skill
SkillGroup,key_18966,key_20153,Skill
SkillGroup,key_18899,key_20155,Skill
SkillGroup,key_18856,key_20156,Skill
SkillGroup,key_18884,key_20157,Skill
SkillGroup,key_19314,key_20159,Skill
SkillGroup,key_19177,key_20160,Skill
SkillGroup,key_19254,key_20161,Skill
SkillGroup,key_19020,key_20162,Skill
SkillGroup,key_19199,key_20163,Skill
SkillGroup,key_18919,key_20164,Skill
SkillGroup,key_19187,key_20165,Skill
SkillGroup,key_19374,key_20166,Skill
SkillGroup,key_19370,key_20167,Skill
SkillGroup,key_18900,key_20168,Skill
SkillGroup,key_19316,key_20169,Skill
SkillGroup,key_19206,key_20170,Skill
SkillGroup,key_19350,key_20171,Skill
SkillGroup,key_19174,key_20172,Skill
SkillGroup,key_19012,key_20173,Skill
SkillGroup,key_19244,key_20174,Skill
SkillGroup,key_19131,key_20175,Skill
SkillGroup,key_18859,key_20176,Skill
SkillGroup,key_18926,key_20177,Skill
SkillGroup,key_19276,key_20178,Skill
SkillGroup,key_19340,key_20179,Skill
SkillGroup,key_19195,key_20181,Skill
SkillGroup,key_19177,key_20182,Skill
SkillGroup,key_18817,key_20183,Skill
SkillGroup,key_19119,key_20184,Skill
SkillGroup,key_19256,key_20184,Skill
SkillGroup,key_18808,key_20186,Skill
SkillGroup,key_19014,key_20187,Skill
SkillGroup,key_19317,key_20188,Skill
SkillGroup,key_19225,key_20189,Skill
SkillGroup,key_19099,key_20190,Skill
SkillGroup,key_19015,key_20191,Skill
SkillGroup,key_18802,key_20192,Skill
SkillGroup,key_19106,key_20193,Skill
SkillGroup,key_19187,key_20194,Skill
SkillGroup,key_19128,key_20195,Skill
SkillGroup,key_18910,key_20196,Skill
SkillGroup,key_18955,key_20197,Skill
SkillGroup,key_19345,key_20198,Skill
SkillGroup,key_19098,key_20199,Skill
SkillGroup,key_19177,key_20200,Skill
SkillGroup,key_18912,key_20201,Skill
SkillGroup,key_18912,key_20203,Skill
SkillGroup,key_19398,key_20204,Skill
SkillGroup,key_19199,key_20205,Skill
SkillGroup,key_19241,key_20206,Skill
SkillGroup,key_19370,key_20207,Skill
SkillGroup,key_18957,key_20208,Skill
SkillGroup,key_18873,key_20209,Skill
SkillGroup,key_19174,key_20210,Skill
SkillGroup,key_19224,key_20211,Skill
SkillGroup,key_19083,key_20212,Skill
SkillGroup,key_19344,key_20213,Skill
SkillGroup,key_19152,key_20214,Skill
SkillGroup,key_19255,key_20215,Skill
SkillGroup,key_19179,key_20216,Skill
SkillGroup,key_19259,key_20217,Skill
SkillGroup,key_18856,key_20218,Skill
SkillGroup,key_19230,key_20220,Skill
SkillGroup,key_18810,key_20221,Skill
SkillGroup,key_19269,key_20222,Skill
SkillGroup,key_19204,key_20224,Skill
SkillGroup,key_19327,key_20225,Skill
SkillGroup,key_18899,key_20226,Skill
SkillGroup,key_18926,key_20227,Skill
SkillGroup,key_19269,key_20228,Skill
SkillGroup,key_18920,key_20229,Skill
SkillGroup,key_19058,key_20230,Skill
SkillGroup,key_19128,key_20231,Skill
SkillGroup,key_19195,key_20232,Skill
SkillGroup,key_18913,key_20233,Skill
SkillGroup,key_19355,key_20234,Skill
SkillGroup,key_19356,key_20235,Skill
SkillGroup,key_19275,key_20236,Skill
SkillGroup,key_19392,key_20237,Skill
SkillGroup,key_19327,key_20238,Skill
SkillGroup,key_19061,key_20239,Skill
SkillGroup,key_19345,key_20240,Skill
SkillGroup,key_19255,key_20241,Skill
SkillGroup,key_18863,key_20242,Skill
SkillGroup,key_19345,key_20243,Skill
SkillGroup,key_19048,key_20244,Skill
SkillGroup,key_19067,key_20245,Skill
SkillGroup,key_18912,key_20246,Skill
SkillGroup,key_19355,key_20247,Skill
SkillGroup,key_18926,key_20249,Skill
SkillGroup,key_19024,key_20250,Skill
SkillGroup,key_19094,key_20251,Skill
SkillGroup,key_19362,key_20252,Skill
SkillGroup,key_18958,key_20253,Skill
SkillGroup,key_19157,key_20254,Skill
SkillGroup,key_19340,key_20256,Skill
SkillGroup,key_19034,key_20257,Skill
SkillGroup,key_19136,key_20258,Skill
SkillGroup,key_18913,key_20259,Skill
SkillGroup,key_19125,key_20260,Skill
SkillGroup,key_18919,key_20261,Skill
SkillGroup,key_18900,key_20262,Skill
SkillGroup,key_18994,key_20263,Skill
SkillGroup,key_19357,key_20264,Skill
SkillGroup,key_19143,key_20265,Skill
SkillGroup,key_18920,key_20266,Skill
SkillGroup,key_18873,key_20267,Skill
SkillGroup,key_18900,key_20268,Skill
SkillGroup,key_19320,key_20269,Skill
SkillGroup,key_19205,key_20270,Skill
SkillGroup,key_19091,key_20271,Skill
SkillGroup,key_19277,key_20272,Skill
SkillGroup,key_19292,key_20273,Skill
SkillGroup,key_18942,key_20274,Skill
SkillGroup,key_19326,key_20275,Skill
SkillGroup,key_19326,key_20277,Skill
SkillGroup,key_19409,key_20278,Skill
SkillGroup,key_19155,key_20279,Skill
SkillGroup,key_19368,key_20280,Skill
SkillGroup,key_19028,key_20281,Skill
SkillGroup,key_18966,key_20282,Skill
SkillGroup,key_19292,key_20283,Skill
SkillGroup,key_19177,key_20284,Skill
SkillGroup,key_19160,key_20285,Skill
SkillGroup,key_19341,key_20286,Skill
SkillGroup,key_18900,key_20287,Skill
SkillGroup,key_19309,key_20288,Skill
SkillGroup,key_19029,key_20289,Skill
SkillGroup,key_19177,key_20290,Skill
SkillGroup,key_19187,key_20291,Skill
SkillGroup,key_19326,key_20292,Skill
SkillGroup,key_19094,key_20293,Skill
SkillGroup,key_19121,key_20294,Skill
SkillGroup,key_19032,key_20295,Skill
SkillGroup,key_18956,key_20297,Skill
SkillGroup,key_19097,key_20298,Skill
SkillGroup,key_19225,key_20299,Skill
SkillGroup,key_19184,key_20300,Skill
SkillGroup,key_18960,key_20301,Skill
SkillGroup,key_19291,key_20302,Skill
SkillGroup,key_18958,key_20303,Skill
SkillGroup,key_19138,key_20304,Skill
SkillGroup,key_18911,key_20305,Skill
SkillGroup,key_19392,key_20306,Skill
SkillGroup,key_19091,key_20307,Skill
SkillGroup,key_19131,key_20308,Skill
SkillGroup,key_19264,key_20309,Skill
SkillGroup,key_19242,key_20310,Skill
SkillGroup,key_19340,key_20311,Skill
SkillGroup,key_19155,key_20312,Skill
SkillGroup,key_19072,key_20313,Skill
SkillGroup,key_19177,key_20314,Skill
SkillGroup,key_19231,key_20316,Skill
SkillGroup,key_18808,key_20317,Skill
SkillGroup,key_19271,key_20318,Skill
SkillGroup,key_19239,key_20319,Skill
SkillGroup,key_19299,key_20320,Skill
SkillGroup,key_19258,key_20321,Skill
SkillGroup,key_19342,key_20322,Skill
SkillGroup,key_19166,key_20323,Skill
SkillGroup,key_18874,key_20324,Skill
SkillGroup,key_19067,key_20325,Skill
SkillGroup,key_19373,key_20326,Skill
SkillGroup,key_19014,key_20327,Skill
SkillGroup,key_18838,key_20328,Skill
SkillGroup,key_19172,key_20329,Skill
SkillGroup,key_19131,key_20330,Skill
SkillGroup,key_19129,key_20331,Skill
SkillGroup,key_18899,key_20332,Skill
SkillGroup,key_18955,key_20333,Skill
SkillGroup,key_19155,key_20334,Skill
SkillGroup,key_19412,key_20335,Skill
SkillGroup,key_18957,key_20336,Skill
SkillGroup,key_19091,key_20337,Skill
SkillGroup,key_18955,key_20338,Skill
SkillGroup,key_19039,key_20339,Skill
SkillGroup,key_19152,key_20340,Skill
SkillGroup,key_19175,key_20341,Skill
SkillGroup,key_19052,key_20342,Skill
SkillGroup,key_19365,key_20343,Skill
SkillGroup,key_19288,key_20344,Skill
SkillGroup,key_19292,key_20345,Skill
SkillGroup,key_19318,key_20346,Skill
SkillGroup,key_19316,key_20347,Skill
SkillGroup,key_19043,key_20348,Skill
SkillGroup,key_19203,key_20349,Skill
SkillGroup,key_19048,key_20350,Skill
SkillGroup,key_19132,key_20351,Skill
SkillGroup,key_19267,key_20352,Skill
SkillGroup,key_19401,key_20353,Skill
SkillGroup,key_18900,key_20354,Skill
SkillGroup,key_19334,key_20355,Skill
SkillGroup,key_19205,key_20356,Skill
SkillGroup,key_19199,key_20357,Skill
SkillGroup,key_19106,key_20358,Skill
SkillGroup,key_18860,key_20359,Skill
SkillGroup,key_19155,key_20360,Skill
SkillGroup,key_19368,key_20361,Skill
SkillGroup,key_19205,key_20362,Skill
SkillGroup,key_19225,key_20363,Skill
SkillGroup,key_18898,key_20364,Skill
SkillGroup,key_19170,key_20365,Skill
SkillGroup,key_19218,key_20366,Skill
SkillGroup,key_19279,key_20367,Skill
SkillGroup,key_19175,key_20368,Skill
SkillGroup,key_19285,key_20369,Skill
SkillGroup,key_18836,key_20370,Skill
SkillGroup,key_19096,key_20371,Skill
SkillGroup,key_19334,key_20372,Skill
SkillGroup,key_19016,key_20373,Skill
SkillGroup,key_19206,key_20374,Skill
SkillGroup,key_19112,key_20375,Skill
SkillGroup,key_19177,key_20376,Skill
SkillGroup,key_18859,key_20377,Skill
SkillGroup,key_19196,key_20378,Skill
SkillGroup,key_18956,key_20379,Skill
SkillGroup,key_19318,key_20380,Skill
SkillGroup,key_19339,key_20381,Skill
SkillGroup,key_19242,key_20382,Skill
SkillGroup,key_19150,key_20383,Skill
SkillGroup,key_18899,key_20384,Skill
SkillGroup,key_19285,key_20385,Skill
SkillGroup,key_19155,key_20386,Skill
SkillGroup,key_19107,key_20387,Skill
SkillGroup,key_19014,key_20388,Skill
SkillGroup,key_19240,key_20389,Skill
SkillGroup,key_19283,key_20390,Skill
SkillGroup,key_19377,key_20391,Skill
SkillGroup,key_19128,key_20392,Skill
SkillGroup,key_19272,key_20393,Skill
SkillGroup,key_19285,key_20394,Skill
SkillGroup,key_19267,key_20395,Skill
SkillGroup,key_18955,key_20396,Skill
SkillGroup,key_19207,key_20397,Skill
SkillGroup,key_19177,key_20398,Skill
SkillGroup,key_19088,key_20399,Skill
SkillGroup,key_19049,key_20400,Skill
SkillGroup,key_19218,key_20401,Skill
SkillGroup,key_19058,key_20403,Skill
SkillGroup,key_19309,key_20404,Skill
SkillGroup,key_19187,key_20405,Skill
SkillGroup,key_19177,key_20406,Skill
SkillGroup,key_19028,key_20407,Skill
SkillGroup,key_18863,key_20408,Skill
SkillGroup,key_19310,key_20409,Skill
SkillGroup,key_19180,key_20410,Skill
SkillGroup,key_19224,key_20412,Skill
SkillGroup,key_19035,key_20413,Skill
SkillGroup,key_18885,key_20414,Skill
SkillGroup,key_19402,key_20415,Skill
SkillGroup,key_19088,key_20416,Skill
SkillGroup,key_18929,key_20417,Skill
SkillGroup,key_18900,key_20418,Skill
SkillGroup,key_19116,key_20419,Skill
SkillGroup,key_18823,key_20420,Skill
SkillGroup,key_19373,key_20421,Skill
Skill,key_20396,key_19438,Skill
Skill,key_19605,key_19450,Skill
Skill,key_19618,key_19467,Skill
Skill,key_19516,key_19481,Skill
Skill,key_20180,key_19483,Skill
Skill,key_19618,key_19499,Skill
Skill,key_19618,key_19511,Skill
Skill,key_19618,key_19539,Skill
Skill,key_20279,key_19559,Skill
Skill,key_19814,key_19592,Skill
Skill,key_19618,key_19598,Skill
Skill,key_20118,key_19598,Skill
Skill,key_20184,key_19634,Skill
Skill,key_19618,key_19644,Skill
Skill,key_19618,key_19685,Skill
Skill,key_20378,key_19732,Skill
Skill,key_19618,key_19761,Skill
Skill,key_19512,key_19803,Skill
Skill,key_19959,key_19809,Skill
Skill,key_19590,key_19810,Skill
Skill,key_19618,key_19868,Skill
Skill,key_19684,key_19875,Skill
Skill,key_20396,key_19884,Skill
Skill,key_19618,key_19906,Skill
Skill,key_19618,key_19916,Skill
Skill,key_20407,key_19919,Skill
Skill,key_19618,key_19933,Skill
Skill,key_20172,key_19993,Skill
Skill,key_20013,key_20017,Skill
Skill,key_20135,key_20081,Skill
Skill,key_20318,key_20097,Skill
Skill,key_20235,key_20127,Skill
Skill,key_19618,key_20173,Skill
Skill,key_19467,key_20257,Skill
Skill,key_19618,key_20257,Skill
Skill,key_19618,key_20293,Skill
Skill,key_20396,key_20301,Skill
Skill,key_19618,key_20323,Skill
Skill,key_19647,key_20387,Skill
Skill,key_20012,key_20389,Skill
Skill,key_19618,key_20390,Skill
Skill,key_19684,key_20401,Skill
Skill,key_19875,key_20401,Skill